INSERT INTO `students_system_management`.`groupp` (`id`, `name`) VALUES ('1', 'А - 1');
INSERT INTO `students_system_management`.`groupp` (`id`, `name`) VALUES ('2', 'Б - 2');
INSERT INTO `students_system_management`.`groupp` (`id`, `name`) VALUES ('3', 'С - 5');
INSERT INTO `students_system_management`.`student` (`admission_date`, `group_id`, `id`, `name`, `surname`) VALUES ('2000-09-01', '1', '1', 'Андрей', 'Иванов');
INSERT INTO `students_system_management`.`student` (`admission_date`, `group_id`, `id`, `name`, `surname`) VALUES ('2000-09-01', '1', '2', 'Дмитрий', 'Головин');
INSERT INTO `students_system_management`.`student` (`admission_date`, `group_id`, `id`, `name`, `surname`) VALUES ('2000-09-01', '1', '3', 'Анатолий', 'Жуков');
INSERT INTO `students_system_management`.`student` (`admission_date`, `group_id`, `id`, `name`, `surname`) VALUES ('2000-09-01', '2', '4', 'Алексей', 'Егоров');
INSERT INTO `students_system_management`.`student` (`admission_date`, `group_id`, `id`, `name`, `surname`) VALUES ('2000-09-01', '2', '5', 'Ольга', 'Петрова');
INSERT INTO `students_system_management`.`student` (`admission_date`, `group_id`, `id`, `name`, `surname`) VALUES ('2000-09-01', '2', '6', 'Иван', 'Новосельцев');
INSERT INTO `students_system_management`.`student` (`admission_date`, `group_id`, `id`, `name`, `surname`) VALUES ('2000-09-01', '3', '7', 'Юлия', 'Евсеева');
INSERT INTO `students_system_management`.`student` (`admission_date`, `group_id`, `id`, `name`, `surname`) VALUES ('2000-09-01', '3', '8', 'Илья', 'Власов');
INSERT INTO `students_system_management`.`discipline` (`id`, `name`) VALUES ('1', 'История');
INSERT INTO `students_system_management`.`discipline` (`id`, `name`) VALUES ('2', 'Русский язык');
INSERT INTO `students_system_management`.`discipline` (`id`, `name`) VALUES ('3', 'История Науки и Техники');
INSERT INTO `students_system_management`.`discipline` (`id`, `name`) VALUES ('4', 'Политология');
INSERT INTO `students_system_management`.`discipline` (`id`, `name`) VALUES ('5', 'Информатика');
INSERT INTO `students_system_management`.`discipline` (`id`, `name`) VALUES ('6', 'Теория Алгоритмизации');
INSERT INTO `students_system_management`.`discipline` (`id`, `name`) VALUES ('7', 'Основы Java');
INSERT INTO `students_system_management`.`discipline` (`id`, `name`) VALUES ('8', 'Литература');
INSERT INTO `students_system_management`.`discipline` (`id`, `name`) VALUES ('9', 'Английский язык');
INSERT INTO `students_system_management`.`discipline` (`id`, `name`) VALUES ('10', 'Физкультура');
INSERT INTO `students_system_management`.`term` (`id`, `duration`, `name`) VALUES ('1', '10 недель', 'Семестр 1');
INSERT INTO `students_system_management`.`term` (`id`, `duration`, `name`) VALUES ('2', '12 недель', 'Семестр 2');
INSERT INTO `students_system_management`.`term` (`id`, `duration`, `name`) VALUES ('3', '8 недель', 'Семестр 3');
insert into `students_system_management`.`term_discipline` (`discipline_id`, `term_id`) VALUES ('1', '1');
insert into `students_system_management`.`term_discipline` (`discipline_id`, `term_id`) VALUES ('2', '1');
insert into `students_system_management`.`term_discipline` (`discipline_id`, `term_id`) VALUES ('3', '1');
insert into `students_system_management`.`term_discipline` (`discipline_id`, `term_id`) VALUES ('4', '1');
insert into `students_system_management`.`term_discipline` (`discipline_id`, `term_id`) VALUES ('5', '1');
insert into `students_system_management`.`term_discipline` (`discipline_id`, `term_id`) VALUES ('1', '2');
insert into `students_system_management`.`term_discipline` (`discipline_id`, `term_id`) VALUES ('2', '2');
insert into `students_system_management`.`term_discipline` (`discipline_id`, `term_id`) VALUES ('5', '2');
insert into `students_system_management`.`term_discipline` (`discipline_id`, `term_id`) VALUES ('6', '2');
insert into `students_system_management`.`term_discipline` (`discipline_id`, `term_id`) VALUES ('7', '2');
insert into `students_system_management`.`term_discipline` (`discipline_id`, `term_id`) VALUES ('8', '2');
insert into `students_system_management`.`term_discipline` (`discipline_id`, `term_id`) VALUES ('1', '3');
insert into `students_system_management`.`term_discipline` (`discipline_id`, `term_id`) VALUES ('8', '3');
insert into `students_system_management`.`term_discipline` (`discipline_id`, `term_id`) VALUES ('9', '3');
insert into `students_system_management`.`term_discipline` (`discipline_id`, `term_id`) VALUES ('10', '3');
INSERT INTO `students_system_management`.`grade` (`grade`, `discipline_id`, `id`, `student_id`, `term_id`) VALUES ('3', '1', '1', '1', '1');
INSERT INTO `students_system_management`.`grade` (`grade`, `discipline_id`, `id`, `student_id`, `term_id`) VALUES ('4', '2', '2', '1', '1');
INSERT INTO `students_system_management`.`grade` (`grade`, `discipline_id`, `id`, `student_id`, `term_id`) VALUES ('5', '3', '3', '1', '1');
INSERT INTO `students_system_management`.`grade` (`grade`, `discipline_id`, `id`, `student_id`, `term_id`) VALUES ('4', '4', '4', '1', '1');
INSERT INTO `students_system_management`.`grade` (`grade`, `discipline_id`, `id`, `student_id`, `term_id`) VALUES ('3', '5', '5', '1', '1');
INSERT INTO `students_system_management`.`grade` (`grade`, `discipline_id`, `id`, `student_id`, `term_id`) VALUES ('4', '1', '6', '1', '2');
INSERT INTO `students_system_management`.`grade` (`grade`, `discipline_id`, `id`, `student_id`, `term_id`) VALUES ('5', '2', '7', '1', '2');
INSERT INTO `students_system_management`.`grade` (`grade`, `discipline_id`, `id`, `student_id`, `term_id`) VALUES ('5', '5', '8', '1', '2');
INSERT INTO `students_system_management`.`grade` (`grade`, `discipline_id`, `id`, `student_id`, `term_id`) VALUES ('4', '6', '9', '1', '2');
INSERT INTO `students_system_management`.`grade` (`grade`, `discipline_id`, `id`, `student_id`, `term_id`) VALUES ('3', '1', '10', '1', '3');
INSERT INTO `students_system_management`.`grade` (`grade`, `discipline_id`, `id`, `student_id`, `term_id`) VALUES ('5', '8', '11', '1', '3');
INSERT INTO `students_system_management`.`grade` (`grade`, `discipline_id`, `id`, `student_id`, `term_id`) VALUES ('3', '9', '12', '1', '3');
INSERT INTO `students_system_management`.`grade` (`grade`, `discipline_id`, `id`, `student_id`, `term_id`) VALUES ('3', '10', '13', '1', '3');

INSERT INTO `students_system_management`.`grade` (`grade`, `discipline_id`, `id`, `student_id`, `term_id`) VALUES ('3', '1', '14', '2', '1');
INSERT INTO `students_system_management`.`grade` (`grade`, `discipline_id`, `id`, `student_id`, `term_id`) VALUES ('4', '2', '15', '2', '1');
INSERT INTO `students_system_management`.`grade` (`grade`, `discipline_id`, `id`, `student_id`, `term_id`) VALUES ('5', '3', '16', '2', '1');
INSERT INTO `students_system_management`.`grade` (`grade`, `discipline_id`, `id`, `student_id`, `term_id`) VALUES ('5', '4', '17', '2', '1');
INSERT INTO `students_system_management`.`grade` (`grade`, `discipline_id`, `id`, `student_id`, `term_id`) VALUES ('5', '5', '18', '2', '1');
INSERT INTO `students_system_management`.`grade` (`grade`, `discipline_id`, `id`, `student_id`, `term_id`) VALUES ('5', '1', '19', '2', '2');
INSERT INTO `students_system_management`.`grade` (`grade`, `discipline_id`, `id`, `student_id`, `term_id`) VALUES ('5', '2', '20', '2', '2');
INSERT INTO `students_system_management`.`grade` (`grade`, `discipline_id`, `id`, `student_id`, `term_id`) VALUES ('5', '5', '21', '2', '2');
INSERT INTO `students_system_management`.`grade` (`grade`, `discipline_id`, `id`, `student_id`, `term_id`) VALUES ('5', '6', '22', '2', '2');
INSERT INTO `students_system_management`.`grade` (`grade`, `discipline_id`, `id`, `student_id`, `term_id`) VALUES ('5', '1', '23', '2', '3');
INSERT INTO `students_system_management`.`grade` (`grade`, `discipline_id`, `id`, `student_id`, `term_id`) VALUES ('5', '8', '24', '2', '3');
INSERT INTO `students_system_management`.`grade` (`grade`, `discipline_id`, `id`, `student_id`, `term_id`) VALUES ('4', '9', '25', '2', '3');
INSERT INTO `students_system_management`.`grade` (`grade`, `discipline_id`, `id`, `student_id`, `term_id`) VALUES ('4', '10', '26', '2', '3');

INSERT INTO `students_system_management`.`grade` (`grade`, `discipline_id`, `id`, `student_id`, `term_id`) VALUES ('3', '1', '27', '3', '1');
INSERT INTO `students_system_management`.`grade` (`grade`, `discipline_id`, `id`, `student_id`, `term_id`) VALUES ('4', '2', '28', '3', '1');
INSERT INTO `students_system_management`.`grade` (`grade`, `discipline_id`, `id`, `student_id`, `term_id`) VALUES ('2', '3', '29', '3', '1');
INSERT INTO `students_system_management`.`grade` (`grade`, `discipline_id`, `id`, `student_id`, `term_id`) VALUES ('5', '4', '30', '3', '1');
INSERT INTO `students_system_management`.`grade` (`grade`, `discipline_id`, `id`, `student_id`, `term_id`) VALUES ('3', '5', '31', '3', '1');
INSERT INTO `students_system_management`.`grade` (`grade`, `discipline_id`, `id`, `student_id`, `term_id`) VALUES ('4', '1', '32', '3', '2');
INSERT INTO `students_system_management`.`grade` (`grade`, `discipline_id`, `id`, `student_id`, `term_id`) VALUES ('3', '2', '33', '3', '2');
INSERT INTO `students_system_management`.`grade` (`grade`, `discipline_id`, `id`, `student_id`, `term_id`) VALUES ('3', '5', '34', '3', '2');
INSERT INTO `students_system_management`.`grade` (`grade`, `discipline_id`, `id`, `student_id`, `term_id`) VALUES ('3', '6', '35', '3', '2');
INSERT INTO `students_system_management`.`grade` (`grade`, `discipline_id`, `id`, `student_id`, `term_id`) VALUES ('4', '1', '36', '3', '3');
INSERT INTO `students_system_management`.`grade` (`grade`, `discipline_id`, `id`, `student_id`, `term_id`) VALUES ('4', '8', '37', '3', '3');
INSERT INTO `students_system_management`.`grade` (`grade`, `discipline_id`, `id`, `student_id`, `term_id`) VALUES ('5', '9', '38', '3', '3');
INSERT INTO `students_system_management`.`grade` (`grade`, `discipline_id`, `id`, `student_id`, `term_id`) VALUES ('3', '10', '39', '3', '3');

INSERT INTO `students_system_management`.`grade` (`grade`, `discipline_id`, `id`, `student_id`, `term_id`) VALUES ('3', '1', '40', '4', '1');
INSERT INTO `students_system_management`.`grade` (`grade`, `discipline_id`, `id`, `student_id`, `term_id`) VALUES ('3', '2', '41', '4', '1');
INSERT INTO `students_system_management`.`grade` (`grade`, `discipline_id`, `id`, `student_id`, `term_id`) VALUES ('5', '3', '42', '4', '1');
INSERT INTO `students_system_management`.`grade` (`grade`, `discipline_id`, `id`, `student_id`, `term_id`) VALUES ('4', '4', '43', '4', '1');
INSERT INTO `students_system_management`.`grade` (`grade`, `discipline_id`, `id`, `student_id`, `term_id`) VALUES ('3', '5', '44', '4', '1');
INSERT INTO `students_system_management`.`grade` (`grade`, `discipline_id`, `id`, `student_id`, `term_id`) VALUES ('4', '1', '45', '4', '2');
INSERT INTO `students_system_management`.`grade` (`grade`, `discipline_id`, `id`, `student_id`, `term_id`) VALUES ('4', '2', '46', '4', '2');
INSERT INTO `students_system_management`.`grade` (`grade`, `discipline_id`, `id`, `student_id`, `term_id`) VALUES ('2', '5', '47', '4', '2');
INSERT INTO `students_system_management`.`grade` (`grade`, `discipline_id`, `id`, `student_id`, `term_id`) VALUES ('4', '6', '48', '4', '2');
INSERT INTO `students_system_management`.`grade` (`grade`, `discipline_id`, `id`, `student_id`, `term_id`) VALUES ('5', '1', '49', '4', '3');
INSERT INTO `students_system_management`.`grade` (`grade`, `discipline_id`, `id`, `student_id`, `term_id`) VALUES ('5', '8', '50', '4', '3');
INSERT INTO `students_system_management`.`grade` (`grade`, `discipline_id`, `id`, `student_id`, `term_id`) VALUES ('3', '9', '51', '4', '3');
INSERT INTO `students_system_management`.`grade` (`grade`, `discipline_id`, `id`, `student_id`, `term_id`) VALUES ('3', '10', '52', '4', '3');

INSERT INTO `students_system_management`.`grade` (`grade`, `discipline_id`, `id`, `student_id`, `term_id`) VALUES ('5', '1', '53', '5', '1');
INSERT INTO `students_system_management`.`grade` (`grade`, `discipline_id`, `id`, `student_id`, `term_id`) VALUES ('5', '2', '54', '5', '1');
INSERT INTO `students_system_management`.`grade` (`grade`, `discipline_id`, `id`, `student_id`, `term_id`) VALUES ('4', '3', '55', '5', '1');
INSERT INTO `students_system_management`.`grade` (`grade`, `discipline_id`, `id`, `student_id`, `term_id`) VALUES ('5', '4', '56', '5', '1');
INSERT INTO `students_system_management`.`grade` (`grade`, `discipline_id`, `id`, `student_id`, `term_id`) VALUES ('5', '5', '57', '5', '1');
INSERT INTO `students_system_management`.`grade` (`grade`, `discipline_id`, `id`, `student_id`, `term_id`) VALUES ('4', '1', '58', '5', '2');
INSERT INTO `students_system_management`.`grade` (`grade`, `discipline_id`, `id`, `student_id`, `term_id`) VALUES ('4', '2', '59', '5', '2');
INSERT INTO `students_system_management`.`grade` (`grade`, `discipline_id`, `id`, `student_id`, `term_id`) VALUES ('5', '5', '60', '5', '2');
INSERT INTO `students_system_management`.`grade` (`grade`, `discipline_id`, `id`, `student_id`, `term_id`) VALUES ('5', '6', '61', '5', '2');
INSERT INTO `students_system_management`.`grade` (`grade`, `discipline_id`, `id`, `student_id`, `term_id`) VALUES ('5', '1', '62', '5', '3');
INSERT INTO `students_system_management`.`grade` (`grade`, `discipline_id`, `id`, `student_id`, `term_id`) VALUES ('5', '8', '63', '5', '3');
INSERT INTO `students_system_management`.`grade` (`grade`, `discipline_id`, `id`, `student_id`, `term_id`) VALUES ('5', '9', '64', '5', '3');
INSERT INTO `students_system_management`.`grade` (`grade`, `discipline_id`, `id`, `student_id`, `term_id`) VALUES ('5', '10', '65', '5', '3');

INSERT INTO `students_system_management`.`grade` (`grade`, `discipline_id`, `id`, `student_id`, `term_id`) VALUES ('3', '1', '66', '6', '1');
INSERT INTO `students_system_management`.`grade` (`grade`, `discipline_id`, `id`, `student_id`, `term_id`) VALUES ('4', '2', '67', '6', '1');
INSERT INTO `students_system_management`.`grade` (`grade`, `discipline_id`, `id`, `student_id`, `term_id`) VALUES ('5', '3', '68', '6', '1');
INSERT INTO `students_system_management`.`grade` (`grade`, `discipline_id`, `id`, `student_id`, `term_id`) VALUES ('2', '4', '69', '6', '1');
INSERT INTO `students_system_management`.`grade` (`grade`, `discipline_id`, `id`, `student_id`, `term_id`) VALUES ('5', '5', '70', '6', '1');
INSERT INTO `students_system_management`.`grade` (`grade`, `discipline_id`, `id`, `student_id`, `term_id`) VALUES ('5', '1', '71', '6', '2');
INSERT INTO `students_system_management`.`grade` (`grade`, `discipline_id`, `id`, `student_id`, `term_id`) VALUES ('3', '2', '72', '6', '2');
INSERT INTO `students_system_management`.`grade` (`grade`, `discipline_id`, `id`, `student_id`, `term_id`) VALUES ('5', '5', '73', '6', '2');
INSERT INTO `students_system_management`.`grade` (`grade`, `discipline_id`, `id`, `student_id`, `term_id`) VALUES ('3', '6', '74', '6', '2');
INSERT INTO `students_system_management`.`grade` (`grade`, `discipline_id`, `id`, `student_id`, `term_id`) VALUES ('4', '1', '75', '6', '3');
INSERT INTO `students_system_management`.`grade` (`grade`, `discipline_id`, `id`, `student_id`, `term_id`) VALUES ('3', '8', '76', '6', '3');
INSERT INTO `students_system_management`.`grade` (`grade`, `discipline_id`, `id`, `student_id`, `term_id`) VALUES ('3', '9', '77', '6', '3');
INSERT INTO `students_system_management`.`grade` (`grade`, `discipline_id`, `id`, `student_id`, `term_id`) VALUES ('3', '10', '78', '6', '3');

INSERT INTO `students_system_management`.`grade` (`grade`, `discipline_id`, `id`, `student_id`, `term_id`) VALUES ('4', '1', '79', '7', '1');
INSERT INTO `students_system_management`.`grade` (`grade`, `discipline_id`, `id`, `student_id`, `term_id`) VALUES ('4', '2', '80', '7', '1');
INSERT INTO `students_system_management`.`grade` (`grade`, `discipline_id`, `id`, `student_id`, `term_id`) VALUES ('2', '3', '81', '7', '1');
INSERT INTO `students_system_management`.`grade` (`grade`, `discipline_id`, `id`, `student_id`, `term_id`) VALUES ('5', '4', '82', '7', '1');
INSERT INTO `students_system_management`.`grade` (`grade`, `discipline_id`, `id`, `student_id`, `term_id`) VALUES ('3', '5', '83', '7', '1');
INSERT INTO `students_system_management`.`grade` (`grade`, `discipline_id`, `id`, `student_id`, `term_id`) VALUES ('3', '1', '84', '7', '2');
INSERT INTO `students_system_management`.`grade` (`grade`, `discipline_id`, `id`, `student_id`, `term_id`) VALUES ('3', '2', '85', '7', '2');
INSERT INTO `students_system_management`.`grade` (`grade`, `discipline_id`, `id`, `student_id`, `term_id`) VALUES ('5', '5', '86', '7', '2');
INSERT INTO `students_system_management`.`grade` (`grade`, `discipline_id`, `id`, `student_id`, `term_id`) VALUES ('4', '6', '87', '7', '2');
INSERT INTO `students_system_management`.`grade` (`grade`, `discipline_id`, `id`, `student_id`, `term_id`) VALUES ('4', '1', '88', '7', '3');
INSERT INTO `students_system_management`.`grade` (`grade`, `discipline_id`, `id`, `student_id`, `term_id`) VALUES ('5', '8', '89', '7', '3');
INSERT INTO `students_system_management`.`grade` (`grade`, `discipline_id`, `id`, `student_id`, `term_id`) VALUES ('4', '9', '90', '7', '3');
INSERT INTO `students_system_management`.`grade` (`grade`, `discipline_id`, `id`, `student_id`, `term_id`) VALUES ('3', '10', '91', '7', '3');

INSERT INTO `students_system_management`.`grade` (`grade`, `discipline_id`, `id`, `student_id`, `term_id`) VALUES ('5', '1', '92', '8', '1');
INSERT INTO `students_system_management`.`grade` (`grade`, `discipline_id`, `id`, `student_id`, `term_id`) VALUES ('4', '2', '93', '8', '1');
INSERT INTO `students_system_management`.`grade` (`grade`, `discipline_id`, `id`, `student_id`, `term_id`) VALUES ('5', '3', '94', '8', '1');
INSERT INTO `students_system_management`.`grade` (`grade`, `discipline_id`, `id`, `student_id`, `term_id`) VALUES ('5', '4', '95', '8', '1');
INSERT INTO `students_system_management`.`grade` (`grade`, `discipline_id`, `id`, `student_id`, `term_id`) VALUES ('5', '5', '96', '8', '1');
INSERT INTO `students_system_management`.`grade` (`grade`, `discipline_id`, `id`, `student_id`, `term_id`) VALUES ('4', '1', '97', '8', '2');
INSERT INTO `students_system_management`.`grade` (`grade`, `discipline_id`, `id`, `student_id`, `term_id`) VALUES ('5', '2', '98', '8', '2');
INSERT INTO `students_system_management`.`grade` (`grade`, `discipline_id`, `id`, `student_id`, `term_id`) VALUES ('5', '5', '99', '8', '2');
INSERT INTO `students_system_management`.`grade` (`grade`, `discipline_id`, `id`, `student_id`, `term_id`) VALUES ('4', '6', '100', '8', '2');
INSERT INTO `students_system_management`.`grade` (`grade`, `discipline_id`, `id`, `student_id`, `term_id`) VALUES ('5', '1', '101', '8', '3');
INSERT INTO `students_system_management`.`grade` (`grade`, `discipline_id`, `id`, `student_id`, `term_id`) VALUES ('5', '8', '102', '8', '3');
INSERT INTO `students_system_management`.`grade` (`grade`, `discipline_id`, `id`, `student_id`, `term_id`) VALUES ('5', '9', '103', '8', '3');
INSERT INTO `students_system_management`.`grade` (`grade`, `discipline_id`, `id`, `student_id`, `term_id`) VALUES ('4', '10', '104', '8', '3');


INSERT INTO `students_system_management`.`user` (`id`, `password`, `role`, `username`) VALUES ('1', '$2a$12$dBjPMi7lYNIfi19zIGuBOuz8XTpu5kb2r9LBdQiBFzWl8.o7yh17W', 'ROLE_ADMIN', 'admin');
INSERT INTO `students_system_management`.`user` (`id`, `password`, `role`, `username`) VALUES ('2', '$2a$12$dBjPMi7lYNIfi19zIGuBOuz8XTpu5kb2r9LBdQiBFzWl8.o7yh17W', 'ROLE_USER', 'user');





